{"precision": [8.532, 68.964, 95.378, 97.566, 99.512, 99.538, 99.55999999999999, 99.50999999999999, 99.742, 99.916], "recall": [50.85, 85.716, 99.66799999999999, 99.78, 99.94, 99.946, 100.0, 100.0, 100.0, 100.0], "f1_score": [13.116, 76.184, 97.476, 98.66, 99.724, 99.742, 99.78, 99.75399999999999, 99.87, 99.958]}