{"precision": [6.186132262586411, 8.41170436568602, 10.927530251891458, 12.833337055565275, 14.30802377689773, 15.468719525110915, 16.237988112680263, 17.761803465107224, 19.328293262759274, 19.25782796976921, 20.712354951379893, 20.573857354395678, 20.7573076707338, 22.512795235658945, 22.831078326387114, 24.309627979152456, 27.02404256004296, 26.435825034263672, 26.515516647310374, 28.32086545674264, 29.350500613686467, 29.292713568857447, 30.057240917972194, 31.200388165515296, 33.37203067641742, 36.264981799670856, 35.28412447060621, 37.67875574300684, 38.40082006353463, 40.114801501298835, 41.74408058912547, 42.86659369946155, 43.209320588488936, 43.36226471039076, 45.71534595618858, 48.180902895220655, 46.929276754420016, 50.274379689278085, 49.5658195667446, 53.19328411175785, 51.026452271079364, 54.000341356513026, 54.42749680298034, 56.963810289582824, 57.156232261426865, 57.31380129458208, 59.95318459692755, 59.96494683497197, 64.36042540798019, 61.895233386842726, 59.94456225642723, 64.58023418965413, 66.76041826669822, 69.30924565110297, 66.22370087762224, 67.71262575208738, 70.57608788456005, 70.60056104353016, 71.22712886672494, 72.20314293429027, 80.8695652173913], "recall": [38.0229739010058, 50.586083752688275, 62.17859347336742, 69.53240137802796, 74.69486120910615, 80.18840252600475, 82.6747848434214, 85.81843170197506, 86.07947319138817, 88.18825973329729, 89.5452084118581, 89.523995638866, 91.28834196486369, 90.6508315482633, 91.98580387407571, 93.4619678433515, 93.54533042772945, 93.50983236368293, 93.796461829403, 94.11387882062267, 93.78307086042977, 94.93206460752072, 95.74918356021982, 95.35882675560097, 95.10103294273812, 96.20153827779535, 95.65795263403086, 96.5496481651727, 95.51964599112799, 96.76905509636245, 96.17520094844531, 96.40567697352664, 97.03328094552622, 97.06826298724634, 97.21760844141417, 96.61695794689236, 97.70384525860779, 97.35638561743929, 97.26402312589127, 97.67148421519289, 97.78631573848232, 97.85573033187569, 97.90136424916574, 97.83533862698789, 97.43595451882115, 97.49008866197917, 98.13639614170565, 97.57766945628795, 98.16292058859347, 98.13611407666478, 98.29059701080816, 97.90986792097036, 98.24079544782673, 98.43426893714586, 98.39742054862772, 98.49304602350472, 98.6294587831831, 98.31797191732905, 98.52193895270707, 98.58860370198902, 99.14712153518124], "f1_score": [10.559982471105423, 14.32388811119147, 18.481926384238943, 21.538629129394238, 23.821783522475258, 25.761680242347094, 26.937286688247276, 29.18272295707272, 31.29163118516374, 31.41489528585459, 33.389143212316014, 33.19594371785354, 33.50425365682863, 35.768715714178214, 36.23979211006062, 38.15404771547617, 41.5666461305414, 40.89916608490425, 40.902959205697606, 43.2483012834061, 44.38641870753048, 44.43101270017463, 45.24979687968267, 46.5562817441125, 49.105092540560214, 52.26106512469252, 51.15383877090124, 53.68369798199916, 54.268230299049776, 56.2633465162655, 57.62984099928757, 59.055738679129576, 59.390133083513, 59.479862420402384, 61.88999506010116, 63.96501928770429, 63.01246261113758, 66.07522895242202, 65.35766798031817, 68.55773940805003, 66.70579605974805, 69.19517200919641, 69.46816418277643, 71.65245062002423, 71.74905818331999, 71.83245196070875, 74.05013734527007, 74.0603733340962, 77.61771371432245, 75.61414018023024, 74.18833218214878, 77.56360538553157, 79.26588235451919, 81.0528787908318, 78.83417111006037, 80.00498023160661, 82.01707756250599, 81.94897020657271, 82.44850253148752, 83.04398640198661, 89.08045977011493]}