{"precision": [14.493554634279398, 25.933374641269815, 37.57456032679534, 49.92541479818032, 61.692575772002726, 72.22819365905887, 77.10773318175592, 77.64287248432298, 77.45276649533098, 77.8006976174183, 77.44911414434999, 77.69285918884242, 76.67581302134468, 77.57488079595664, 76.92284280724644, 76.59718801470648, 76.43525796575221, 77.1135816889325, 77.24516762189005, 58.5297753662173, 72.55138153454284, 77.83811087293405, 77.57450971590168, 77.63480283201017, 77.44203036303284, 76.41082403724722, 78.01681373966898, 78.00653756051194, 76.70249267431281, 77.46012730278758, 53.70668709424223, 69.10329037622758, 77.3446154708959, 77.22800598734123, 76.92870079152824, 76.22651564530734, 76.52307432492263, 76.5263521486759, 77.26283913312508, 76.99875387948073, 78.58493221049866, 77.39145977393332, 65.92860733087508, 56.74213222823525, 76.74737718600728, 77.25628468765846, 76.47916905824133, 77.01892382151787, 78.00486955153036, 77.39366420584811, 78.18944663325242, 76.37848657416201, 46.63375788043973, 76.13603978735502, 76.62636563921525, 77.93535360689442, 77.64028738360567, 77.2390130326969, 75.64964539363902, 77.40278660832938],
  "recall": [70.90455822618584, 93.45428653236195, 96.4158009753522, 97.83236055112656, 98.67790170577842, 99.15906438121421, 99.28489548841428, 99.1569891824662, 99.00152248357402, 99.01934776754581, 98.69670055390532, 98.8699339013596, 98.46770979421547, 98.7626062065157, 98.74195699344713, 98.72215636541085, 98.69678777975882, 98.7166585128511, 98.7513082997055, 92.37403312489862, 98.50206461259911, 99.15025121972621, 99.16950184709566, 98.57414567291268, 98.5729029637366, 98.44275585097185, 99.14196753419596, 98.8888509792759, 98.5417631286754, 98.74750048465533, 88.69632136439714, 96.22508464172684, 99.30354440516462, 99.06830222651013, 99.06522221438901, 98.6446139398235, 98.75726812113751, 98.61839926184422, 99.00962169041803, 98.677703120523, 99.03490313797535, 98.77411112793426, 93.98194187376136, 90.11033471012634, 99.2804098609632, 99.23884509765453, 98.71621599029561, 98.81561958921702, 98.92460577630258, 98.80838001029257, 98.75430768513245, 98.28248230707972, 84.67543978336407, 98.81603607670431, 99.01679459948275, 99.12708736958649, 98.75450095153222, 98.32500334216046, 97.71433289022981, 98.76255147793862],
  "f1_score": [23.903415065983964, 40.31332205963134, 53.863264353630875, 65.91623961727849, 75.79504446626798, 83.46106318932762, 86.75221544302738, 87.0297720442981, 86.83696910859128, 87.06973838149017, 86.7418407915332, 86.94841932536421, 86.16572298692603, 86.85518623775347, 86.42428365120323, 86.20330232824422, 86.09131296287569, 86.52136230314385, 86.62502748963067, 71.15009448613114, 83.35327042927918, 87.14466463766733, 87.01342002036273, 86.80567152065453, 86.69110686359545, 85.98634888708169, 87.26901078441328, 87.1653058734364, 86.2076812444693, 86.76515960901483, 65.8279528599083, 80.00010254038568, 86.89914841879958, 86.7399568837937, 86.56275044646092, 85.92025186518885, 86.16286891701189, 86.13783869599861, 86.76014605273747, 86.45270550838929, 87.57430386710583, 86.75249648912866, 76.88270587548901, 68.29406440510608, 86.50722930607206, 86.83266093490398, 86.12611368299676, 86.51457382884195, 87.18683012930258, 86.72667319404574, 87.22600518300145, 85.89490072192547, 59.4825648578817, 85.9352347011314, 86.33262018913139, 87.20365424028907, 86.86815584148911, 86.46279222439763, 85.23132274187782, 86.72019411847675]}